pid,latitude,longitude,height
3m8ox5tl8w,51.129738,16.993702,124.2
3m8ox5tU5y,51.12964,16.993946,122.7
3m8ox5tl90,51.12976,16.993902,122.4
3m8ox5tU5z,51.129646,16.994013,123.0
3m8ox5uJEu,51.129932,16.99321,121.6
3m8ox5tU61,51.12966,16.994116,122.1
3m8ox5u2C2,51.129883,16.993855,122.0
3m8ox5tl95,51.129795,16.994183,121.5
3m8ox5u2C4,51.129906,16.994047,125.3
3m8ox5uaHw,51.130054,16.993176,121.9
3m8ox5u2C7,51.12992,16.994162,122.3
3m8ox5u2C8,51.12993,16.994226,122.5
3m8ox5uaI6,51.13013,16.99379,122.5
3m8ox5uJF8,51.13004,16.994078,123.0
3m8ox5uJF9,51.130043,16.99413,122.6
3m8ox5uJFB,51.130054,16.994232,121.8
3m8ox5rYka,51.12871,16.99366,124.6
3m8ox5rYkZ,51.128704,16.993603,124.7
3m8ox5v8O0,51.130302,16.9931,121.9
3m8ox5urLB,51.130272,16.993912,121.6
3m8ox5urLC,51.13028,16.993984,122.2
3m8ox5sNtM,51.12893,16.992296,122.4
3m8ox5s6qM,51.12882,16.992449,122.0
3m8ox5v8OC,51.13039,16.99382,122.0
3m8ox5rYkP,51.128624,16.992949,122.2
3m8ox5rHhY,51.128586,16.99367,123.3
3m8ox5rHha,51.128597,16.993761,122.0
3m8ox5sNtL,51.12892,16.992231,122.1
3m8ox5rYkO,51.128616,16.992882,121.9
3m8ox5s6qL,51.12881,16.99238,121.7
3m8ox5v8OF,51.13041,16.994005,122.2
3m8ox5s6qK,51.128803,16.992325,121.8
3m8ox5v8OG,51.130417,16.994043,121.2
3m8ox5rpnK,51.128696,16.992489,122.1
3m8ox5sewK,51.12902,16.992016,122.2
3m8ox5vPRD,51.1305,16.993704,121.1
3m8ox5s6qJ,51.128796,16.992266,121.8
3m8ox5rYkL,51.128593,16.992697,121.6
3m8ox5sNtJ,51.128902,16.992092,121.2
3m8ox5vPRE,51.130512,16.99378,121.9
3m8ox5rpnJ,51.12869,16.992413,121.3
3m8ox5rYkK,51.128586,16.992632,121.4
3m8ox5sewJ,51.129013,16.991953,122.1
3m8ox5vPRF,51.13052,16.993841,121.9
3m8ox5r0eW,51.128464,16.99371,123.3
3m8ox5sNtI,51.1289,16.992043,121.6
3m8ox5r0eY,51.128475,16.993816,122.8
3m8ox5r0eV,51.128456,16.993677,124.6
3m8ox5rpnI,51.12868,16.992353,121.4
3m8ox5vPRG,51.130527,16.993902,122.0
3m8ox5rYkJ,51.12858,16.992561,120.9
3m8ox5rHhL,51.128487,16.992859,121.8
3m8ox5rHhK,51.12848,16.99281,122.3
3m8ox5vPRI,51.130543,16.994017,121.8
3m8ox5rHhJ,51.12847,16.992735,121.6
3m8ox5vPRJ,51.130547,16.994078,121.8
3m8ox5vgUF,51.130627,16.993673,121.5
3m8ox5rHhI,51.128464,16.992683,122.1
3m8ox5vPRK,51.130558,16.994148,122.3
3m8ox5vgUH,51.130642,16.993803,121.9
3m8ox5vPRL,51.13056,16.994196,121.6
3m8ox5vPQl,51.130302,16.99205,122.3
3m8ox5vgUI,51.13065,16.993864,122.0
3m8ox5vPRM,51.13057,16.994246,121.2
3m8ox5qjbW,51.12835,16.993845,122.3
3m8ox5r0eJ,51.12836,16.99289,121.5
3m8ox5qjbN,51.12828,16.993279,121.0
3m8ox5r0eH,51.128345,16.992764,121.2
3m8ox5qjbM,51.128277,16.993225,121.4
3m8ox5r0eG,51.12834,16.99271,121.5
3m8ox5vgTo,51.130432,16.992073,122.3
3m8ox5vgTn,51.130424,16.992018,122.6
3m8ox5vxXJ,51.130764,16.993755,121.5
3m8ox5qjbH,51.128242,16.992962,123.0
3m8ox5qjbG,51.128235,16.992876,121.8
3m8ox5wEa9,51.130802,16.993013,122.2
3m8ox5vxWt,51.13057,16.99217,120.3
3m8ox5qSYM,51.128162,16.993341,119.4
3m8ox5qSYL,51.12816,16.993313,120.8
3m8ox5qSYJ,51.128147,16.993225,122.3
3m8ox5qjbD,51.128212,16.992695,121.8
3m8ox5wEaK,51.130882,16.993677,122.4
3m8ox5wEaM,51.130894,16.99378,121.7
3m8ox5qSYF,51.128117,16.992981,122.2
3m8ox5qBVM,51.128063,16.99357,122.7
3m8ox5qBVN,51.128063,16.993591,120.9
3m8ox5qBVX,51.128136,16.99416,119.4
3m8ox5qSYC,51.128098,16.992805,122.3
3m8ox5qBVK,51.128044,16.99342,121.3
3m8ox5qBVJ,51.128033,16.993336,120.1
3m8ox5qSYB,51.12809,16.99276,122.9
3m8ox5qBVH,51.12803,16.99328,123.2
3m8ox5qBVF,51.12801,16.99313,121.7
3m8ox5qBVE,51.128002,16.99307,121.7
3m8ox5qBVD,51.127995,16.993011,121.8
3m8ox5qBVC,51.127987,16.992962,122.2
3m8ox5puSO,51.12798,16.99392,126.0
3m8ox5puSL,51.12797,16.993858,131.5
3m8ox5puSM,51.127975,16.993893,130.3
3m8ox5puSP,51.127987,16.993994,126.6
3m8ox5puSJ,51.127956,16.993744,131.7
3m8ox5puSK,51.127953,16.993706,127.1
3m8ox5qBVA,51.12798,16.992872,123.6
3m8ox5puSI,51.12794,16.993608,128.2
3m8ox5puST,51.128002,16.994137,122.2
3m8ox5wmgC,51.131035,16.99284,120.6
3m8ox5qBV9,51.12797,16.992825,124.2
3m8ox5puSW,51.12802,16.99429,120.9
3m8ox5puSH,51.127914,16.993395,121.1
3m8ox5wVcu,51.130795,16.99193,121.0
3m8ox5puSG,51.127907,16.993338,121.2
3m8ox5puSB,51.127872,16.993061,122.3
3m8ox5puS9,51.127857,16.992937,122.1
3m8ox5pdPL,51.127853,16.993938,127.8
3m8ox5pdPJ,51.127842,16.993853,129.4
3m8ox5pdPN,51.127865,16.994041,127.0
3m8ox5pdPI,51.127834,16.993784,129.0
3m8ox5x3jD,51.13115,16.992739,120.4
3m8ox5pdPT,51.127895,16.994299,122.3
3m8ox5pdPU,51.127903,16.994345,121.6
3m8ox5wmfv,51.130917,16.991865,122.6
3m8ox5pdPD,51.12778,16.993341,122.4
3m8ox5urKJ,51.129883,16.990711,123.3
3m8ox5x3jT,51.131268,16.993717,121.3
3m8ox5qjaw,51.12809,16.991707,123.2
3m8ox5pMML,51.12773,16.993992,122.9
3m8ox5pMMO,51.12775,16.994143,121.6
3m8ox5xKmH,51.13129,16.992853,122.0
3m8ox5xKmI,51.131298,16.992907,121.7
3m8ox5xKmG,51.131287,16.992807,122.6
3m8ox5pMMR,51.127773,16.99434,122.4
3m8ox5pMMD,51.12768,16.993587,126.5
3m8ox5x3jX,51.1313,16.993988,122.8
3m8ox5pMMC,51.127674,16.993536,126.8
3m8ox5qSXv,51.12797,16.991772,121.7
3m8ox5qjas,51.12807,16.991528,126.0
3m8ox5pMM9,51.12764,16.993233,121.2
3m8ox5qSXu,51.127968,16.99173,122.5
3m8ox5pMM7,51.12763,16.993132,122.0
3m8ox5qjar,51.128063,16.991484,126.7
3m8ox5qSXr,51.127953,16.991615,125.5
3m8ox5sexX,51.129566,16.996485,121.1
3m8ox5p5JJ,51.127605,16.994001,121.6
3m8ox5p5JI,51.127598,16.99395,122.0
3m8ox5qSXq,51.12795,16.991583,126.8
3m8ox5xbpJ,51.131413,16.992811,121.8
3m8ox5p5JB,51.12756,16.993614,126.0
3m8ox5xbpL,51.131428,16.992916,121.1
3m8ox5p5JA,51.127552,16.993565,126.4
3m8ox5p5J8,51.12752,16.993322,120.8
3m8ox5qSXo,51.127937,16.991488,128.0
3m8ox5p5J7,51.127514,16.993265,120.9
3m8ox5puRs,51.127728,16.99187,119.9
3m8ox5vPRo,51.130775,16.995956,122.7
3m8ox5qBW2,51.128372,16.996124,124.4
3m8ox5ooGG,51.127476,16.993998,122.5
3m8ox5puRq,51.127716,16.991772,120.8
3m8ox5xssM,51.131542,16.992817,121.0
3m8ox5xssL,51.13154,16.992773,121.8
3m8ox5qBUo,51.12781,16.991505,121.4
3m8ox5vgUq,51.130898,16.995905,122.2
3m8ox5qBUl,51.127804,16.991459,127.6
3m8ox5rHgm,51.128227,16.990738,120.8
3m8ox5pdOp,51.1276,16.991886,121.7
3m8ox5puT0,51.12825,16.99617,124.7
3m8ox5puT1,51.128258,16.996202,123.4
3m8ox5puRl,51.12769,16.991547,124.3
3m8ox5vxXs,51.131023,16.995892,123.3
3m8ox5r0dk,51.128105,16.990772,120.6
3m8ox5oXDD,51.127342,16.993952,121.3
3m8ox5s6pm,51.128555,16.990284,121.7
3m8ox5y9vP,51.13167,16.992826,120.5
3m8ox5rpml,51.128437,16.990362,120.9
3m8ox5pMLo,51.127487,16.99198,121.4
3m8ox5oXD4,51.12728,16.99343,122.2
3m8ox5rpmk,51.128433,16.990322,121.8
3m8ox5s6pl,51.128548,16.990221,121.6
3m8ox5oXD3,51.127274,16.993372,122.2
3m8ox5rYjj,51.128315,16.990398,120.7
3m8ox5pMLm,51.127476,16.991884,122.5
3m8ox5rpmj,51.12842,16.990244,120.9
3m8ox5oGAB,51.12722,16.993992,121.4
3m8ox5rHgg,51.128185,16.990387,121.2
3m8ox5oGA4,51.12717,16.99359,122.2
3m8ox5oGA2,51.12716,16.993473,122.4
3m8ox5oGA1,51.12715,16.99342,122.7
3m8ox5oXCs,51.12719,16.99269,121.2
3m8ox5s6pi,51.12852,16.990004,119.9
3m8ox5ooFj,51.12723,16.991993,121.2
3m8ox5rHgc,51.12816,16.990162,121.8
3m8ox5sevi,51.12874,16.989712,121.0
3m8ox5nz70,51.127033,16.993502,121.9
3m8ox5rYjc,51.128265,16.990004,121.9
3m8ox5rHgb,51.128147,16.990095,121.6
3m8ox5rHga,51.128143,16.990044,121.9
3m8ox5puRZ,51.127598,16.99079,122.6
3m8ox5ooFf,51.127205,16.991756,121.4
3m8ox5nz6s,51.12698,16.99305,123.2
3m8ox5rHgZ,51.128136,16.989983,121.9
3m8ox5r0dY,51.128017,16.990072,121.5
3m8ox5qBUX,51.12769,16.990509,122.5
3m8ox5rYja,51.128246,16.98984,119.9
3m8ox5pdOX,51.127476,16.990833,122.9
3m8ox5ni3w,51.126892,16.99339,120.5
3m8ox5qBUW,51.12768,16.990442,122.2
3m8ox5ni3v,51.12689,16.993351,121.5
3m8ox5puRV,51.12757,16.990576,123.8
3m8ox5r0dW,51.128006,16.989971,122.4
3m8ox5rHgX,51.128117,16.989843,121.0
3m8ox5ni3r,51.126858,16.99311,121.5
3m8ox5pdOV,51.12746,16.990725,123.4
3m8ox5puRU,51.127563,16.990526,124.3
3m8ox5ni3q,51.12685,16.993055,121.7
3m8ox5pdOU,51.127457,16.990698,124.9
3m8ox5rHgW,51.128113,16.989792,121.4
3m8ox5qjaV,51.127888,16.990026,120.4
3m8ox5r0dV,51.127995,16.989887,121.3
3m8ox5nR1E,51.126923,16.99468,123.0
3m8ox5pMLU,51.127342,16.99081,122.8
3m8ox5qBUR,51.12766,16.990255,127.4
3m8ox5rHgV,51.1281,16.989717,120.8
3m8ox5pdOS,51.12744,16.990578,124.9
3m8ox5puRR,51.12755,16.990393,126.4
3m8ox5pdOR,51.12744,16.990574,127.5
3m8ox5nR0u,51.12677,16.993427,120.5
3m8ox5qjaT,51.127872,16.989925,121.2
3m8ox5nR0t,51.126762,16.993362,120.2
3m8ox5qSXQ,51.12776,16.990042,127.6
3m8ox5qBUQ,51.12765,16.990187,127.0
3m8ox5yz44,51.131847,16.991121,121.9
3m8ox5puRP,51.12754,16.990337,129.4
3m8ox5r0dT,51.12798,16.98975,120.4
3m8ox5pdOP,51.127434,16.990501,129.7
3m8ox5qBUP,51.127647,16.99015,128.1
3m8ox5svyb,51.1288,16.989159,122.2
3m8ox5pMLS,51.127327,16.990679,122.2
3m8ox5nR0o,51.126728,16.99309,121.5
3m8ox5qBUO,51.12764,16.990107,128.9
3m8ox5nz6Z,51.126846,16.991957,125.3
3m8ox5ooFT,51.127117,16.991055,122.2
3m8ox5puRO,51.12753,16.990232,127.4
3m8ox5puRN,51.127525,16.990213,129.3
3m8ox5s6pV,51.12843,16.989265,121.8
3m8ox5ooFS,51.127113,16.991016,123.2
3m8ox5sNsW,51.128548,16.989178,122.3
3m8ox5sevY,51.128666,16.989109,120.9
3m8ox5tU4d,51.12903,16.988953,121.8
3m8ox5rpmT,51.128307,16.989296,121.5
3m8ox5puRM,51.127518,16.990147,128.9
3m8ox5ni3a,51.126747,16.992197,126.3
3m8ox5sevX,51.128662,16.989073,122.0
3m8ox5nz6W,51.126827,16.991798,126.4
3m8ox5zG76,51.13197,16.991087,122.0
3m8ox5nz6V,51.126823,16.991783,128.4
3m8ox5ni3Z,51.12674,16.992147,126.8
3m8ox5zG75,51.13196,16.991035,122.4
3m8ox5nR0f,51.126667,16.992592,123.4
3m8ox5sNsV,51.128536,16.98909,121.0
3m8ox5nz6U,51.126816,16.991722,128.4
3m8ox5ni3Y,51.126736,16.992085,126.7
3m8ox5nR0e,51.126656,16.992495,121.7
3m8ox5ni3X,51.126724,16.992016,126.3
3m8ox5n9xj,51.126583,16.992949,121.5
3m8ox5msuy,51.126587,16.994019,122.0
3m8ox5msv8,51.12666,16.99462,122.1
3m8ox5msux,51.12658,16.993975,122.9
3m8ox5nR0a,51.126637,16.992344,125.8
3m8ox5n9xi,51.126575,16.992893,121.8
3m8ox5msvA,51.12668,16.994759,123.0
3m8ox5sNsU,51.128525,16.988997,119.5
3m8ox5ni3U,51.126705,16.991867,127.7
3m8ox5sNsT,51.12852,16.988962,120.6
3m8ox5nR0Y,51.126625,16.99224,126.6
3m8ox5nR0X,51.12662,16.99222,128.4
3m8ox5pMLL,51.127277,16.990269,122.7
3m8ox5zXA8,51.13209,16.991056,122.4
3m8ox5ni3T,51.126698,16.991789,126.8
3m8ox5pMLK,51.127274,16.99023,123.7
3m8ox5n9xc,51.126545,16.992624,125.9
3m8ox5msul,51.126495,16.993258,122.9
3m8ox5p5IK,51.127167,16.990395,123.9
3m8ox5n9xa,51.126537,16.992567,128.9
3m8ox5ni3S,51.126686,16.991709,125.9
3m8ox5n9xb,51.126534,16.992521,123.9
3m8ox5qSXJ,51.1277,16.98954,123.9
3m8ox5p5IJ,51.12716,16.990345,124.5
3m8ox5nR0T,51.126595,16.991987,128.8
3m8ox5qjaK,51.127808,16.989393,121.6
3m8ox5ni3R,51.126675,16.991611,124.2
3m8ox5puRI,51.127476,16.989796,123.8
3m8ox5pdOI,51.127365,16.98996,124.1
3m8ox5n9xY,51.12652,16.99241,127.2
3m8ox5msuh,51.12646,16.992985,121.4
3m8ox5mbrw,51.12646,16.994038,121.2
3m8ox5mbs6,51.126537,16.994667,122.6
3m8ox5mbs7,51.126545,16.994719,122.2
3m8ox5qBUI,51.127583,16.989616,122.8
3m8ox5mbs8,51.126553,16.99477,121.8
3m8ox5pdOH,51.12736,16.989912,124.6
3m8ox5rYlp,51.129276,16.998306,126.2
3m8ox5ni3Q,51.126663,16.991516,122.6
3m8ox5msuc,51.126442,16.99284,128.5
3m8ox5p5IH,51.127148,16.99026,126.0
3m8ox5qBUH,51.12758,16.989588,124.2
3m8ox5n9xV,51.1265,16.992273,129.1
3m8ox5n9xU,51.126495,16.992233,130.1
3m8ox5msua,51.12643,16.992727,128.9
3m8ox5ooFH,51.12704,16.990402,125.3
3m8ox5qSXH,51.12768,16.989412,123.5
3m8ox5mbrl,51.12639,16.993446,124.4
3m8ox5nR0R,51.126568,16.991758,123.7
3m8ox5puRG,51.12746,16.989674,123.7
3m8ox5mbsG,51.126617,16.99531,124.6
3m8ox5pdOG,51.12735,16.989824,123.4
3m8ox5mbrk,51.126377,16.993345,122.4
3m8ox5qBUG,51.127567,16.989515,123.7
3m8ox5qjaH,51.127792,16.989256,123.5
3m8ox5msuY,51.126415,16.992605,128.8
3m8ox5pdOF,51.12735,16.989801,125.1
3m8ox5mbrj,51.12637,16.993292,122.7
3m8ox5mbrh,51.126366,16.99325,126.3
3m8ox5msuX,51.126408,16.992558,129.4
3m8ox5nR0Q,51.126556,16.991684,123.0
3m8ox5puRF,51.127457,16.989628,124.4
3m8ox5rHim,51.12916,16.998394,131.3
3m8ox5qSXG,51.127674,16.989351,123.4
3m8ox5mbrg,51.126358,16.99319,126.4
3m8ox5mbrf,51.126354,16.993164,127.9
3m8ox5qBUF,51.127563,16.98947,124.4
3m8ox5qjaG,51.127785,16.989212,124.3
3m8ox5nR0P,51.126553,16.99163,123.4
3m8ox5msuW,51.1264,16.992476,128.3
3m8ox5mbre,51.126347,16.993109,128.1
3m8ox5sey4,51.129807,16.998447,120.5
3m8ox5qSXF,51.12767,16.989294,123.5
3m8ox5mbrc,51.126335,16.992998,128.6
3m8ox5mKp4,51.12641,16.99469,121.8
3m8ox5pMLE,51.127228,16.98986,123.2
3m8ox5nR0N,51.126537,16.991522,123.9
3m8ox5mbra,51.12632,16.992884,128.8
3m8ox5rHio,51.129173,16.998495,130.4
3m8ox5mbrZ,51.126316,16.992844,129.8
3m8ox5r0fl,51.129044,16.998474,130.5
3m8ox5r0dF,51.127888,16.98899,124.2
3m8ox5mKoj,51.126266,16.993486,124.4
3m8ox5rHgG,51.128,16.988857,122.5
3m8ox5mKof,51.12624,16.993269,125.4
3m8ox5rYjH,51.12811,16.988726,121.0
3m8ox5qjck,51.12892,16.998535,128.7
3m8ox5mKoe,51.126236,16.993223,126.1
3m8ox5mKod,51.12623,16.993189,127.2
3m8ox5qjaD,51.12776,16.989002,123.0
3m8ox5mKpJ,51.12653,16.995642,124.3
3m8ox5qjcm,51.128925,16.998564,124.4
3m8ox5mKoa,51.126213,16.993038,128.6
3m8ox5s6pJ,51.128338,16.988508,120.1
3m8ox5rYjG,51.1281,16.988663,120.9
3m8ox5sevK,51.12858,16.988375,125.8
3m8ox5rHis,51.129192,16.99866,126.9
3m8ox5rHgE,51.127983,16.988747,123.0
3m8ox5mKpM,51.126553,16.995834,124.9
3m8ox5r0fp,51.129063,16.998652,127.5
3m8ox5qSZj,51.1288,16.998583,126.3
3m8ox5tD1P,51.128815,16.98824,120.3
3m8ox5mKpO,51.126564,16.99592,123.3
3m8ox5svyN,51.128693,16.988281,120.5
3m8ox5r0dC,51.127865,16.988796,123.6
3m8ox5rpmH,51.128212,16.988518,118.7
3m8ox5qjcn,51.128937,16.998663,126.3
3m8ox5rHiu,51.1292,16.99873,124.6
3m8ox5qSZk,51.128807,16.998636,126.1
3m8ox5rHgC,51.12797,16.988653,124.2
3m8ox5qSZl,51.12881,16.998676,125.1
3m8ox5r0fs,51.129078,16.998753,123.9
3m8ox5rYjD,51.128086,16.98854,123.6
3m8ox5svyK,51.12868,16.988192,124.6
3m8ox5m3ld,51.12611,16.993244,122.5
3m8ox5qSZm,51.12882,16.99872,124.4
3m8ox5zG6d,51.131756,16.989342,121.7
3m8ox5svyJ,51.128677,16.988144,125.2
3m8ox5r0ft,51.129086,16.998825,124.5
3m8ox5sevH,51.128555,16.988188,125.5
3m8ox60MJ5,51.13241,16.990509,127.4
3m8ox5lmis,51.126118,16.99435,124.7
3m8ox5lmiw,51.126144,16.994576,124.1
3m8ox5m3mK,51.126427,16.995855,124.1
3m8ox5lmiv,51.126137,16.99452,124.3
3m8ox60MJ6,51.132404,16.99048,123.3
3m8ox5lmio,51.1261,16.994184,128.2
3m8ox5qjcr,51.128956,16.99882,122.5
3m8ox5lmiy,51.126156,16.994677,123.2
3m8ox5lmip,51.126102,16.99424,127.9
3m8ox5lmin,51.126095,16.994165,130.1
3m8ox5r0fu,51.12909,16.998856,123.1
3m8ox5qSZo,51.128826,16.998789,122.0
3m8ox5sevF,51.12855,16.988161,129.8
3m8ox5lmil,51.12608,16.994036,129.6
3m8ox5m3mL,51.126434,16.995922,124.4
3m8ox5m3mM,51.126442,16.995958,123.3
3m8ox5rpmC,51.128193,16.988344,124.6
3m8ox5zoCo,51.132057,16.989706,122.7
3m8ox5rHiy,51.129223,16.998915,122.0
3m8ox5m3mO,51.126457,16.99609,123.8
3m8ox60MJ3,51.13238,16.9903,123.3
3m8ox5qSZp,51.128834,16.99886,122.5
3m8ox5svyG,51.128662,16.988039,128.7
3m8ox605Fu,51.13221,16.989916,123.1
3m8ox5zoCm,51.132042,16.989597,123.2
3m8ox5sevD,51.12854,16.988075,131.4
3m8ox5lmid,51.126003,16.993431,123.8
3m8ox5rpmB,51.12818,16.988264,123.6
3m8ox5r0fw,51.1291,16.998959,122.3
3m8ox5tD1I,51.12878,16.987965,127.0
3m8ox5mbrH,51.12617,16.99167,125.4
3m8ox5zX9f,51.13188,16.989307,121.9
3m8ox5s6pD,51.1283,16.988173,121.2
3m8ox5mKoL,51.12609,16.99205,124.6
3m8ox5mbrG,51.126167,16.991636,126.6
3m8ox5svyF,51.12866,16.987988,129.1
3m8ox5nR0A,51.126434,16.990673,120.6
3m8ox5lmjF,51.126278,16.995678,122.4
3m8ox5rHj0,51.129234,16.999008,120.9
3m8ox5mbrE,51.126167,16.991615,131.2
3m8ox5zX9e,51.131874,16.98927,122.9
3m8ox5r0fx,51.12911,16.998999,121.4
3m8ox60MJ0,51.13236,16.99011,122.8
3m8ox5sNsD,51.128414,16.988077,124.2
3m8ox5mKoK,51.126083,16.991995,124.7
3m8ox5lmjH,51.12629,16.99578,121.6
3m8ox5zX9d,51.13187,16.989223,123.6
3m8ox5m3lP,51.12601,16.99244,124.1
3m8ox60MIz,51.132355,16.990059,123.1
3m8ox5mbrD,51.126156,16.991543,130.6
3m8ox5zoCj,51.132023,16.989435,124.1
3m8ox5lmiW,51.125957,16.993027,124.6
3m8ox5lVfq,51.126,16.99442,126.2
3m8ox5zX9c,51.131866,16.989183,124.6
3m8ox5svyE,51.12865,16.987925,129.0
3m8ox5m3lO,51.126003,16.992374,123.9
3m8ox5lVfw,51.126038,16.994738,124.2
3m8ox5lVfu,51.126034,16.994713,128.7
3m8ox5lVft,51.12602,16.994606,126.5
3m8ox5lmiV,51.12595,16.992964,124.4
3m8ox5lVfv,51.126034,16.994726,126.5
3m8ox60MIy,51.132343,16.989986,122.6
3m8ox5m3mV,51.126507,16.996504,123.6
3m8ox5lmjK,51.126316,16.995981,122.6
3m8ox5mKoH,51.12607,16.991852,126.4
3m8ox5tD1G,51.12877,16.987858,127.6
3m8ox61BSe,51.13298,16.992046,123.3
3m8ox5r0fz,51.129116,16.99908,119.6
3m8ox5tU4J,51.12889,16.98781,124.5
3m8ox5svyD,51.128647,16.98789,130.1
3m8ox5zoCi,51.13201,16.989347,122.7
3m8ox61BSc,51.132965,16.991928,123.4
3m8ox60MIx,51.13234,16.989923,122.5
3m8ox61BSb,51.132957,16.991861,123.1
3m8ox5m3lM,51.125988,16.992252,123.8
3m8ox61BSY,51.132935,16.991697,123.9
3m8ox60MIw,51.132336,16.989893,123.8
3m8ox5zX9b,51.13185,16.989084,122.7
3m8ox5lmjM,51.12633,16.99612,123.5
3m8ox5mKoF,51.126057,16.991776,128.4
3m8ox5m3lL,51.125984,16.992222,125.2
3m8ox61BSX,51.132927,16.991613,122.8
3m8ox61BSW,51.132923,16.991589,124.3
3m8ox5lVfd,51.125896,16.99358,123.4
3m8ox60uPD,51.132687,16.990702,128.7
3m8ox60dM4,51.1325,16.990204,123.3
3m8ox5lVfc,51.12589,16.993517,123.3
3m8ox5zX9a,51.131847,16.98904,123.4
3m8ox61BST,51.132908,16.991467,127.0
3m8ox5sevC,51.128517,16.987886,125.4
3m8ox5tU4I,51.128883,16.987751,124.4
3m8ox5s6pA,51.128277,16.988007,121.8
3m8ox5lVfb,51.12588,16.993467,123.7
3m8ox60dM3,51.132492,16.990154,123.8
3m8ox60MIv,51.13232,16.989788,121.8
3m8ox5mKoE,51.126045,16.991688,127.2
3m8ox5tD1F,51.128757,16.987778,126.6
3m8ox5mKoC,51.126045,16.991665,131.6
3m8ox5svyC,51.128635,16.987806,129.0
3m8ox61BSQ,51.132877,16.991226,124.2
3m8ox5zG6T,51.131687,16.988777,123.4
3m8ox5lVfX,51.12586,16.99327,125.7
3m8ox60dM2,51.13248,16.990067,122.5
3m8ox5zoCf,51.131992,16.98918,123.3
3m8ox60uPC,51.132664,16.990517,122.9
3m8ox605Fm,51.13215,16.989422,122.5
3m8ox5s6p9,51.12827,16.987959,122.4
3m8ox60MIt,51.13231,16.989698,123.1
3m8ox5lmjQ,51.12637,16.996407,125.7
3m8ox5oG93,51.126698,16.989702,117.1
3m8ox5lmiO,51.125893,16.992521,123.3
3m8ox5rpm7,51.12815,16.988016,123.3
3m8ox5lmiN,51.12589,16.992466,123.6
3m8ox5m3lG,51.125954,16.99196,126.9
3m8ox5mKoB,51.12603,16.991545,128.9
3m8ox5zX9Y,51.13183,16.988905,122.7
3m8ox5lmjR,51.126373,16.996468,125.7
3m8ox5rYj6,51.12803,16.988073,121.3
3m8ox60dM0,51.13247,16.989964,123.3
3m8ox5zG6S,51.131676,16.988693,122.3
3m8ox5tU4H,51.128872,16.987656,122.8
3m8ox5lmjT,51.12638,16.996525,122.8
3m8ox5zX9X,51.131824,16.98887,123.9
3m8ox5m3lF,51.125946,16.9919,126.8
3m8ox605Fk,51.132137,16.98932,123.3
3m8ox5nz61,51.126587,16.989841,121.8
3m8ox5lmiL,51.125877,16.99237,124.7
3m8ox5lEco,51.125874,16.994446,125.6
3m8ox60uP9,51.132645,16.990347,123.4
3m8ox5lEcs,51.12591,16.994753,128.8
3m8ox5rYj5,51.128025,16.988043,122.7
3m8ox5lmiK,51.12587,16.992334,125.8
3m8ox5lmjU,51.12639,16.996592,123.1
3m8ox61SVm,51.133144,16.992352,122.6
3m8ox5lmiJ,51.12587,16.992311,127.5
3m8ox60MIr,51.13229,16.989546,121.6
3m8ox60dLy,51.132458,16.98987,124.6
3m8ox5svyA,51.128624,16.987705,129.9
3m8ox5lVgJ,51.1262,16.996084,122.8
3m8ox60dLz,51.132458,16.989868,121.7
3m8ox61SVg,51.133102,16.99201,123.5
3m8ox61SVe,51.133087,16.991905,124.1
3m8ox605Fj,51.13213,16.98926,123.3
3m8ox61SVf,51.133095,16.991938,122.9
3m8ox5lVgK,51.12621,16.99614,122.6
3m8ox61SVd,51.133083,16.991842,124.1
3m8ox5lmiI,51.125862,16.992266,128.2
3m8ox61SVc,51.13307,16.991762,123.1
3m8ox61SVb,51.133064,16.991718,123.8
3m8ox5m3lD,51.12593,16.991772,126.5
3m8ox5m3lE,51.12593,16.99177,123.6
3m8ox5lVgL,51.126213,16.996187,122.1
3m8ox5oXBz,51.126785,16.98938,120.6
3m8ox5sevB,51.128498,16.987722,120.5
3m8ox605Fi,51.132122,16.989208,123.7
3m8ox5yi0H,51.131374,16.9883,120.0
3m8ox60dLx,51.132446,16.989782,123.3
3m8ox61SVY,51.13305,16.991585,126.0
3m8ox61SVZ,51.13305,16.991575,122.8
3m8ox5oG92,51.12668,16.989552,112.9
3m8ox5m3lC,51.125927,16.99174,127.8
3m8ox5ooEy,51.12689,16.989185,121.7
3m8ox5nz60,51.126575,16.989725,119.2
3m8ox61SVX,51.133034,16.991442,122.2
3m8ox5m3lB,51.12592,16.991697,128.6
3m8ox5tU4F,51.12886,16.987556,123.8
3m8ox5sev9,51.128494,16.987688,124.6
3m8ox60MIo,51.13227,16.989382,122.3
3m8ox5rYj3,51.128014,16.987942,123.6
3m8ox5tl7H,51.128983,16.987509,123.4
3m8ox5rYj4,51.128014,16.98794,120.7
3m8ox5oG8y,51.12667,16.98947,120.2
3m8ox5zoCa,51.13195,16.988848,121.9
3m8ox5lVgP,51.126247,16.99646,123.5
3m8ox605Fg,51.132107,16.989065,122.6
3m8ox5nz5z,51.126564,16.989649,118.4
3m8ox5lmiE,51.12583,16.992004,127.1
3m8ox5zX9T,51.131798,16.988638,124.2
3m8ox61SVQ,51.132988,16.99107,124.4
3m8ox60MIm,51.132263,16.989304,124.3
3m8ox5ni2y,51.12646,16.989845,122.9
3m8ox5ooEw,51.126877,16.989075,122.2
3m8ox605Ff,51.1321,16.989023,123.4
3m8ox5tU4E,51.12885,16.987476,122.8
3m8ox5oG8x,51.126663,16.989416,120.5
3m8ox5zX9U,51.131794,16.988604,119.9
3m8ox5ooEv,51.126877,16.98906,124.2
3m8ox5yz3J,51.1315,16.988281,120.9
3m8ox5yz3I,51.1315,16.988276,123.3
3m8ox5puQx,51.127316,16.988478,121.1
3m8ox5oXBv,51.126766,16.989225,124.6
3m8ox5s6p4,51.128242,16.987715,125.0
3m8ox60dLt,51.132416,16.98951,121.7
3m8ox5lmiD,51.125816,16.991875,123.9
3m8ox5kxZi,51.125725,16.99426,126.4
3m8ox61BS9,51.13276,16.990252,126.3
3m8ox5sNs8,51.12836,16.98763,117.3
3m8ox5kxZh,51.125713,16.994171,125.0
3m8ox5ooEu,51.12687,16.98902,125.2
3m8ox5pMKv,51.127087,16.988714,123.0
3m8ox5tl7G,51.128967,16.987402,121.2
3m8ox61jYm,51.13325,16.992188,122.4
3m8ox5zG6M,51.131638,16.988373,124.0
3m8ox61jYj,51.13323,16.99201,122.5
3m8ox5puQw,51.127308,16.988438,122.0
3m8ox61jYi,51.133224,16.991972,123.5
3m8ox5lVfG,51.12574,16.992294,127.7
3m8ox61jYh,51.133217,16.991888,122.4
3m8ox5zoCX,51.13193,16.988695,123.1
3m8ox605Fe,51.132088,16.988903,120.7
3m8ox5lEdJ,51.12609,16.996222,121.8
3m8ox60dLs,51.1324,16.989408,119.8
3m8ox61jYe,51.133198,16.991734,123.5
3m8ox5r0g6,51.12917,16.999506,120.0
3m8ox61jYd,51.133186,16.991661,123.0
3m8ox5m3l8,51.12588,16.991365,121.6
3m8ox61jYc,51.13318,16.991604,123.1
3m8ox5lmiC,51.1258,16.991764,121.6
3m8ox5yz3H,51.13149,16.98818,121.7
3m8ox5rYj1,51.127995,16.987795,122.3
3m8ox61jYb,51.13317,16.991539,122.9
3m8ox605Fd,51.13208,16.988867,121.7
3m8ox5pdNv,51.127193,16.988522,121.4
3m8ox5m3l7,51.125877,16.991352,123.8
3m8ox61jYa,51.13317,16.991528,125.1
3m8ox5lmiB,51.125797,16.991741,123.3
3m8ox5rpm1,51.128113,16.987707,125.7
3m8ox5svy9,51.128593,16.987467,121.6
3m8ox5ni2v,51.126442,16.989695,124.3
3m8ox5nz5t,51.126545,16.989485,127.5
3m8ox5ooEt,51.12686,16.98895,124.8
3m8ox5yi0C,51.131336,16.988007,120.2
3m8ox60MIj,51.132233,16.98906,121.3
3m8ox5tl7E,51.12896,16.987331,123.4
3m8ox61jYV,51.133144,16.991325,129.6
3m8ox5oXBs,51.12675,16.989098,127.0
3m8ox5puQv,51.1273,16.988361,121.3
3m8ox5lmi9,51.12579,16.99165,124.6
3m8ox5pdNu,51.127186,16.98848,122.1
3m8ox5tU49,51.128834,16.987343,130.5
3m8ox5nQzw,51.126335,16.989851,121.5
3m8ox60MIi,51.132225,16.989012,121.9
3m8ox5pMKs,51.127075,16.988602,126.0
3m8ox61SVG,51.13291,16.990446,123.3
3m8ox5zG6K,51.131622,16.98824,123.4
3m8ox5puQu,51.127296,16.988335,122.8
3m8ox5sNs3,51.128345,16.987522,126.2
3m8ox5msu2,51.126137,16.990328,112.2
3m8ox5zoCV,51.131916,16.98857,122.9
3m8ox5qjd4,51.129047,16.999565,120.9
3m8ox5sNs5,51.128345,16.987516,120.3
3m8ox5tU4A,51.128834,16.987326,126.9
3m8ox61SVF,51.132904,16.990396,123.7
3m8ox5lEdO,51.126125,16.996506,121.1
3m8ox5tl7D,51.128956,16.987286,124.1
3m8ox5r0cx,51.12775,16.987879,122.7
3m8ox61SVE,51.1329,16.990355,124.6
3m8ox5nz5r,51.126534,16.98939,128.7
3m8ox5pdNt,51.127182,16.988428,122.6
3m8ox5s6p3,51.128223,16.987553,120.2
3m8ox5oXBq,51.126743,16.989021,129.0
3m8ox5zoCW,51.131912,16.988523,117.9
3m8ox5p5Hs,51.12696,16.9887,123.3
3m8ox5lEdP,51.126133,16.996574,121.5
3m8ox605Fa,51.13206,16.988705,122.6
3m8ox60MIg,51.132214,16.98892,123.2
3m8ox5rpm0,51.1281,16.987606,123.7
3m8ox5zG6J,51.131615,16.98817,123.0
3m8ox5pdNs,51.12718,16.988398,124.0
3m8ox5rHfy,51.127865,16.987753,121.4
3m8ox5tl7C,51.12895,16.987244,124.9
3m8ox5qBTu,51.127403,16.988148,121.4
3m8ox61SVC,51.13289,16.99025,125.2
3m8ox5p5Hq,51.126953,16.988674,127.6
3m8ox5kxaD,51.125942,16.996073,124.2
3m8ox5kgWk,51.125626,16.9945,124.6
3m8ox5kgWm,51.125637,16.994608,124.0
3m8ox5lVfB,51.125687,16.99188,122.5
3m8ox5puQt,51.127285,16.988249,121.5
3m8ox5pMKq,51.127064,16.988506,127.2
3m8ox5kgWh,51.125607,16.994343,125.6
3m8ox5kgWg,51.125603,16.994303,126.5
3m8ox61SVA,51.132877,16.990177,127.5
3m8ox5tl79,51.128944,16.987217,132.0
3m8ox5tl7B,51.128944,16.987217,126.5
3m8ox5kgWt,51.12569,16.995024,123.8
3m8ox5kxaE,51.125957,16.996176,126.2
3m8ox5zG6I,51.131607,16.98811,123.0
3m8ox5sNs2,51.128334,16.987429,124.6
3m8ox5nz5q,51.126522,16.98931,127.7
3m8ox5kgWu,51.125698,16.995104,124.8
3m8ox5pMKp,51.12706,16.98849,129.2
3m8ox5lmi6,51.12576,16.991423,122.5
3m8ox5zoCU,51.1319,16.988428,119.1
3m8ox620bm,51.133358,16.992023,122.1
3m8ox620bn,51.133373,16.99213,124.3
3m8ox620bl,51.133354,16.991976,122.7
3m8ox5qSWu,51.12751,16.987993,121.6
3m8ox5puQs,51.12728,16.988218,122.9
3m8ox5p5Hp,51.12695,16.988617,127.7
3m8ox60MIf,51.132202,16.98881,120.8
3m8ox5kxaG,51.125965,16.996252,124.3
3m8ox620bi,51.133327,16.991762,121.1
3m8ox620bg,51.13332,16.9917,123.7
3m8ox5qBTt,51.127396,16.988083,121.3
3m8ox620bf,51.133312,16.991646,124.0
3m8ox5lVf9,51.125675,16.99177,122.8
3m8ox5p5Ho,51.126945,16.988592,129.4
3m8ox5u2AE,51.129066,16.987144,122.2
3m8ox5s6p0,51.12821,16.987452,123.9
3m8ox60dLl,51.132355,16.98902,121.2
3m8ox5tl7A,51.12894,16.98717,127.1
3m8ox605FY,51.132046,16.988564,121.6
3m8ox5lVf8,51.12567,16.991728,123.6
3m8ox5r0cw,51.127735,16.987757,119.8
3m8ox5nz5o,51.126514,16.989248,130.5
3m8ox5nz5p,51.126514,16.989243,127.4
3m8ox5pdNq,51.127167,16.988298,124.9
3m8ox5tU47,51.128815,16.987183,128.7
3m8ox5sNs1,51.128326,16.98737,124.6
3m8ox5zoCT,51.13189,16.988344,118.0
3m8ox620bY,51.133278,16.99136,130.2
3m8ox5puQr,51.127277,16.988161,123.1
3m8ox5u2AC,51.129063,16.987114,126.3
3m8ox5ni2p,51.126408,16.98941,127.8
3m8ox5ooEn,51.12683,16.9887,129.9
3m8ox620bX,51.13327,16.991285,129.6
3m8ox5u2AD,51.12906,16.987103,123.0
3m8ox5zG6G,51.13159,16.987974,122.3
3m8ox5lVf6,51.125656,16.99161,123.8
3m8ox61jYH,51.133026,16.990358,123.7
3m8ox5zoCQ,51.13188,16.988274,123.0
3m8ox5sNs0,51.128323,16.987316,125.0
3m8ox5pdNp,51.127155,16.988235,124.8
3m8ox5pdNo,51.127155,16.988234,127.4
3m8ox5kxaM,51.126007,16.996584,123.0
3m8ox5qSWr,51.127495,16.987871,124.3
3m8ox5kxaN,51.12601,16.996616,121.7
3m8ox5puQp,51.127266,16.988092,125.4
3m8ox605FW,51.132027,16.988415,120.3
3m8ox5puQo,51.127266,16.988081,127.7
3m8ox5qBTo,51.12738,16.98796,129.4
3m8ox60MIc,51.132175,16.988604,119.6
3m8ox61jYE,51.13301,16.990217,125.6
3m8ox5ooEm,51.12682,16.988605,128.2
3m8ox61jYD,51.133007,16.99019,127.0
3m8ox5kgXB,51.12582,16.996115,124.4
3m8ox5pdNn,51.127148,16.988157,126.7
3m8ox5kPTo,51.125553,16.994946,126.8
3m8ox605FV,51.132015,16.988337,119.4
3m8ox5kPTp,51.125557,16.994978,125.5
3m8ox5kPTr,51.12557,16.99507,124.2
3m8ox5s6oy,51.128193,16.987297,122.4
3m8ox605FT,51.132015,16.988323,124.4
3m8ox5sev1,51.12843,16.987177,123.1
3m8ox5pdNm,51.127144,16.98814,128.7
3m8ox605FU,51.13201,16.988312,121.0
3m8ox62Hen,51.133476,16.99195,123.2
3m8ox5kPTu,51.125584,16.995214,122.6
3m8ox5zoCP,51.131863,16.988125,118.9
3m8ox5lEc7,51.12555,16.991789,122.0
3m8ox5puQm,51.127254,16.987999,129.5
3m8ox5sNrz,51.128307,16.98721,122.8
3m8ox5lEc6,51.125546,16.99175,123.0
3m8ox5kPTy,51.12561,16.995443,122.1
3m8ox5pdNl,51.12714,16.98809,129.2
3m8ox605FS,51.132008,16.988247,123.6
3m8ox5puQl,51.12725,16.987959,130.4
3m8ox5kgXH,51.125866,16.99647,124.2
3m8ox62Hea,51.1334,16.991306,129.5
3m8ox5u2A9,51.129036,16.986917,125.5
3m8ox5qjZq,51.12759,16.987612,122.4
3m8ox5sNry,51.1283,16.987148,122.8
3m8ox5qBTm,51.12736,16.987814,128.2
3m8ox5kgXJ,51.125877,16.996557,122.7
3m8ox605FR,51.132,16.988192,123.8
3m8ox5kgXK,51.12588,16.996595,121.7
3m8ox5u2A8,51.129032,16.986889,127.0
3m8ox5zoCM,51.131847,16.987988,120.9
3m8ox5tl76,51.128906,16.986902,125.8
3m8ox60MIV,51.132145,16.988337,126.7
3m8ox5svy1,51.128536,16.987011,122.7
3m8ox5puQk,51.127243,16.987894,130.2
3m8ox5qSWo,51.127472,16.987673,123.4
3m8ox5qBTl,51.127357,16.987778,129.3
3m8ox5s6ow,51.128174,16.98717,122.0
3m8ox605FQ,51.13199,16.988125,123.4
3m8ox60MIW,51.13214,16.988314,122.9
3m8ox5pdNj,51.12713,16.98799,130.0
3m8ox5r0gE,51.12923,17.000025,121.7
3m8ox60dLc,51.132294,16.988506,122.5
3m8ox5pMKj,51.127014,16.988098,127.8
3m8ox5s6ov,51.12817,16.987135,123.2
3m8ox60MIT,51.132133,16.988264,128.9
3m8ox5puQj,51.127235,16.987844,130.6
3m8ox5kPUA,51.125706,16.996193,123.5
3m8ox5sNrx,51.12829,16.98706,121.5
3m8ox5qSWl,51.127464,16.987616,129.1
3m8ox5seuy,51.12841,16.987001,123.3
3m8ox5kPUB,51.12571,16.996235,122.6
3m8ox5qjZn,51.12758,16.98751,126.1
3m8ox60uOh,51.132435,16.98864,122.1
3m8ox5sNrw,51.128284,16.987034,123.0
3m8ox5k8Qr,51.12546,16.995237,124.6
3m8ox5k8Qq,51.125454,16.995197,125.6
3m8ox60dLa,51.13228,16.9884,123.1
3m8ox5k8Qs,51.125465,16.995281,124.0
3m8ox5qSWk,51.127457,16.987562,129.5
3m8ox60uOg,51.132427,16.988583,122.2
3m8ox5k8Qw,51.125492,16.99551,123.4
3m8ox60uOf,51.132427,16.988556,123.7
3m8ox5k8Qy,51.12551,16.995667,125.0
3m8ox5seux,51.1284,16.986923,122.4
3m8ox605FN,51.131966,16.987934,123.0
3m8ox5zoCI,51.13182,16.98777,122.0
3m8ox5lEby,51.125484,16.991255,122.3
3m8ox5qjdD,51.12912,17.000147,122.9
3m8ox5lEdk,51.126286,16.99783,121.3
3m8ox5u2A5,51.129013,16.98671,127.0
3m8ox5tl73,51.128887,16.986732,126.3
3m8ox5qSaA,51.12899,17.000134,123.2
3m8ox60uOe,51.13242,16.988495,123.8
3m8ox5lEbx,51.12548,16.991224,123.6
3m8ox60MIS,51.13211,16.988068,122.6
3m8ox5seuw,51.128395,16.986872,122.9
3m8ox61BRm,51.132572,16.988703,118.5
3m8ox5pMKh,51.12699,16.987938,125.8
3m8ox5qjZk,51.127563,16.98738,128.4
3m8ox5nQzh,51.126236,16.989046,125.9
3m8ox5n9wi,51.126133,16.989243,124.8
3m8ox60uOd,51.13241,16.988424,123.3
3m8ox60dLX,51.132256,16.98821,122.7
3m8ox5nQzi,51.126232,16.989033,122.5
3m8ox5qSaB,51.128998,17.000183,122.8
3m8ox5k8R6,51.12557,16.996122,124.0
3m8ox60MIR,51.132103,16.988,122.3
3m8ox5oG8f,51.12655,16.988485,127.4
3m8ox5sNru,51.12827,16.98689,121.9
3m8ox61SUs,51.132725,16.988913,118.8
3m8ox5rplr,51.12803,16.987013,121.2
3m8ox60dLV,51.13225,16.988173,126.5
3m8ox60dLW,51.13225,16.98817,123.6
3m8ox61SUt,51.13272,16.988892,115.1
3m8ox5k8R7,51.125572,16.996176,123.7
3m8ox5seuv,51.128387,16.986822,123.4
3m8ox60uOc,51.132404,16.988373,123.6
3m8ox60MIQ,51.1321,16.987963,123.3
3m8ox5yhzx,51.131233,16.987152,122.3
3m8ox5svxx,51.128506,16.986752,121.8
3m8ox5zoCG,51.1318,16.987612,120.1
3m8ox5qSWh,51.127438,16.987398,130.2
3m8ox5k8RA,51.12559,16.996332,122.6
3m8ox5sNvV,51.129898,17.000265,122.4
3m8ox5kPUO,51.1258,16.99698,121.1
3m8ox60uOb,51.132393,16.988298,122.9
3m8ox5rplq,51.12802,16.986952,121.2
3m8ox5r0cl,51.127666,16.987185,123.9
3m8ox5s6sT,51.129776,17.0003,122.2
3m8ox5n9wg,51.126118,16.989107,124.1
3m8ox5p5Hf,51.126865,16.987942,124.2
3m8ox5oG8e,51.126537,16.98838,125.4
3m8ox5jrNT,51.12517,16.993908,122.3
3m8ox5s6or,51.12814,16.986868,121.9
3m8ox5kxah,51.12616,16.997831,122.5
3m8ox5jrNu,51.125366,16.995535,122.7
3m8ox5jrNv,51.12538,16.995628,124.3
3m8ox5r0ck,51.127663,16.987156,125.3
3m8ox5tl71,51.12887,16.98658,124.7
3m8ox5kxYw,51.125362,16.991297,122.4
3m8ox5kxai,51.126163,16.997873,121.6
3m8ox61BRg,51.13254,16.98845,123.4
3m8ox5svxw,51.128498,16.986671,120.9
3m8ox5jrNO,51.125134,16.9936,122.0
3m8ox62YiN,51.13386,16.99406,128.4
3m8ox62pl9,51.133877,16.993122,131.1
3m8ox5u2A2,51.128986,16.986513,126.3
3m8ox5jrNz,51.12541,16.995876,124.8
3m8ox5qjZi,51.12754,16.987204,125.8
3m8ox62plA,51.13388,16.993168,130.4
3m8ox605FJ,51.13193,16.987629,119.9
3m8ox62plB,51.133884,16.993208,129.5
3m8ox5nz5e,51.12642,16.988462,121.8
3m8ox5yhzv,51.131214,16.986998,120.7
3m8ox60uOZ,51.132378,16.988148,121.5
3m8ox605FI,51.131927,16.987604,121.6
3m8ox5oG8d,51.126526,16.988295,124.1
3m8ox61SUo,51.132687,16.98861,115.9
3m8ox5kPUS,51.125835,16.997261,123.0
3m8ox5oG8c,51.126526,16.988287,126.6
3m8ox62plC,51.1339,16.993326,132.3
3m8ox5jrO2,51.12543,16.996052,124.5
3m8ox5yhzu,51.131214,16.986982,122.8
3m8ox61jXv,51.132847,16.988874,116.1
3m8ox60dLT,51.132217,16.987902,119.5
3m8ox5jrO3,51.125443,16.996141,125.9
3m8ox5svxv,51.12849,16.986603,120.5
3m8ox5pdNe,51.127075,16.987574,124.7
3m8ox5jrNG,51.125095,16.99331,130.8
3m8ox5tl70,51.128857,16.986488,123.3
3m8ox61jXu,51.132843,16.988838,117.2
3m8ox60uOY,51.132366,16.988083,121.3
3m8ox5jrO4,51.125446,16.996176,124.6
3m8ox5svxu,51.128487,16.986593,122.8
3m8ox5jrO5,51.125446,16.996187,122.5
3m8ox5rHfl,51.12777,16.986967,121.2
3m8ox5kgXd,51.126022,16.997753,122.6
3m8ox60MIM,51.132065,16.987686,121.7
3m8ox5r0ch,51.127647,16.98704,128.3
3m8ox5kPUU,51.12585,16.997389,123.4
3m8ox5r0ci,51.127647,16.987036,125.3
3m8ox61jXt,51.132835,16.988783,117.4
3m8ox5seus,51.128365,16.98662,122.3
3m8ox5zG62,51.131485,16.987122,121.6
3m8ox62plK,51.133938,16.993628,124.0
3m8ox60dLR,51.13221,16.987835,121.9
3m8ox5nQzc,51.126198,16.98872,124.6
3m8ox62plL,51.13394,16.993673,123.4
3m8ox61SUj,51.13267,16.988466,123.2
3m8ox5rHfk,51.12776,16.986923,121.9
3m8ox5jaKY,51.125095,16.994349,121.5
3m8ox5tU3x,51.128727,16.986458,122.9
3m8ox5n9wc,51.126087,16.98889,125.1
3m8ox61BRc,51.13251,16.988201,123.1
3m8ox5k8RM,51.12568,16.997044,122.2
3m8ox5uJGn,51.130783,17.000206,121.0
3m8ox5lVem,51.1255,16.990316,119.5
3m8ox60uOW,51.132355,16.987972,121.8
3m8ox5jaKS,51.12506,16.99405,124.3
3m8ox5mKng,51.125782,16.98951,120.7
3m8ox5pMKc,51.126953,16.987597,123.9
3m8ox60MIK,51.132053,16.987589,122.6
3m8ox5jrNC,51.125046,16.992895,122.7
3m8ox5jrOB,51.125496,16.996592,124.6
3m8ox5rYik,51.127872,16.986795,123.3
3m8ox5seur,51.128353,16.986544,121.5
3m8ox61BRb,51.132504,16.988132,122.6
3m8ox5k8RO,51.125694,16.997168,122.4
3m8ox605FE,51.131905,16.987408,123.6
3m8ox5puQe,51.127174,16.987339,121.1
3m8ox5rHfi,51.127754,16.986862,124.6
3m8ox5jaKO,51.125027,16.993784,123.2
3m8ox5tl6z,51.12884,16.98637,120.7
3m8ox5n9wb,51.12608,16.98881,124.2
3m8ox5zG60,51.13147,16.987001,121.7
3m8ox5ni2a,51.12629,16.988436,124.3
3m8ox61BRa,51.132496,16.988092,123.5
3m8ox5sNrp,51.12823,16.986572,121.1
3m8ox5jaKM,51.12501,16.993654,122.7
3m8ox5ni2b,51.12629,16.988426,121.1
3m8ox61SUg,51.132652,16.988317,124.7
3m8ox60dLP,51.132195,16.987694,120.9
3m8ox5tl6y,51.12884,16.986351,122.5
3m8ox61SUh,51.13265,16.988304,121.3
3m8ox636oC,51.134003,16.99313,130.4
3m8ox60uOU,51.132343,16.987865,122.3
3m8ox5puQc,51.12717,16.987297,124.8
3m8ox5zX94,51.13161,16.987091,122.1
3m8ox5k8RQ,51.12571,16.997286,122.4
3m8ox5yz2v,51.13133,16.98687,122.1
3m8ox5mstb,51.125973,16.988968,124.2
3m8ox5tl6x,51.128838,16.986332,124.4
3m8ox5pdNc,51.127056,16.9874,122.2
3m8ox60MII,51.13204,16.987486,123.4
3m8ox5vPPD,51.129593,16.98625,120.2
3m8ox60MIJ,51.13204,16.98748,120.4
3m8ox5jaKH,51.12499,16.993454,127.3
3m8ox62plR,51.134,16.994139,128.2
3m8ox5zoC7,51.13175,16.987188,125.6
3m8ox5jaL0,51.125305,16.996077,123.9
3m8ox5lVej,51.125477,16.990152,120.2
3m8ox61SUf,51.13264,16.988237,123.7
3m8ox5rHfh,51.127747,16.986794,124.2
3m8ox5jaL1,51.125317,16.996157,124.8
3m8ox62plS,51.134007,16.994204,128.4
3m8ox5zX93,51.131603,16.987041,122.5
3m8ox5jaKE,51.124973,16.993353,130.9
3m8ox5rYij,51.127865,16.986706,121.9
3m8ox605FC,51.13189,16.987291,123.8
3m8ox5kPUb,51.125896,16.99779,122.5
3m8ox5nQzZ,51.12617,16.988533,124.3
3m8ox620au,51.132957,16.988743,120.1
3m8ox5pdNa,51.12705,16.987356,125.7
3m8ox5kxYn,51.125294,16.99073,121.1
3m8ox5n9wZ,51.12607,16.988708,125.0
3m8ox5jaL3,51.125324,16.996235,122.8
3m8ox61BRY,51.132484,16.987976,123.7
3m8ox5ni2X,51.126278,16.988342,128.3
3m8ox61BRX,51.13248,16.987955,125.5
3m8ox5tl6v,51.12883,16.986273,127.2
3m8ox5r0cd,51.127625,16.986832,129.7
3m8ox636oM,51.13406,16.99359,124.0
3m8ox5mstZ,51.125957,16.988873,125.4
3m8ox5tD4i,51.130318,17.000551,121.5
3m8ox5n9wW,51.12606,16.988663,131.3
3m8ox5jaL6,51.12535,16.996428,123.5
3m8ox636oN,51.134068,16.993645,123.8
3m8ox5k8RR,51.125736,16.99752,130.5
3m8ox620as,51.132946,16.98865,121.3
3m8ox5kPUd,51.12591,16.997904,122.2
3m8ox61SUd,51.13263,16.98812,123.8
3m8ox5zX91,51.13159,16.986958,124.2
3m8ox605FB,51.131878,16.98721,122.7
3m8ox5k8RS,51.125744,16.997557,129.4
3m8ox5jJHW,51.124973,16.994404,122.3
3m8ox5zX92,51.13159,16.986952,121.1
3m8ox5jaL7,51.12536,16.996494,123.8
3m8ox5rYii,51.127853,16.986639,121.6
3m8ox5vgSE,51.12971,16.986155,120.3
3m8ox5tl6w,51.128826,16.986225,122.2
3m8ox5jJHS,51.12495,16.994211,124.5
3m8ox5jJHQ,51.124943,16.994135,126.5
3m8ox5jJHR,51.124943,16.994146,124.3
3m8ox5jJHP,51.124935,16.994076,126.6
3m8ox60uOR,51.132317,16.987658,121.1
3m8ox61jXk,51.13278,16.988308,120.4
3m8ox5jJHN,51.124928,16.993996,128.4
3m8ox5yz2s,51.131306,16.986706,122.9
